{
  "version": "1.2.0-beta.0",
  "graph": {
    "nodes": [
      {
        "id": "n0",
        "position": {
          "x": -301,
          "y": -181
        },
        "caption": "techStack"
      },
      {
        "id": "n1",
        "position": {
          "x": -107,
          "y": 13
        },
        "caption": "techStack"
      },
      {
        "id": "n2",
        "position": {
          "x": -439,
          "y": 13
        },
        "caption": "property"
      },
      {
        "id": "n3",
        "position": {
          "x": -269,
          "y": 185
        },
        "caption": "property"
      }
    ],
    "relationships": [
      {
        "id": "n0",
        "type": "relation",
        "fromId": "n0",
        "toId": "n1"
      },
      {
        "id": "n2",
        "type": "relation",
        "fromId": "n2",
        "toId": "n3"
      },
      {
        "id": "n4",
        "type": "relation",
        "fromId": "n0",
        "toId": "n2"
      }
    ]
  },
  "dataModel": {
    "version": "1.2.0-beta.0",
    "graphSchemaRepresentation": {
      "version": "1.0.0",
      "graphSchema": {
        "nodeLabels": [
          {
            "$id": "nl:n0",
            "token": "techStack"
          },
          {
            "$id": "nl:n1",
            "token": "techStack"
          },
          {
            "$id": "nl:n2",
            "token": "property"
          },
          {
            "$id": "nl:n3",
            "token": "property"
          }
        ],
        "nodeObjectTypes": [
          {
            "$id": "n:n0",
            "labels": [
              {
                "$ref": "#nl:n0"
              }
            ],
            "properties": [
              {
                "$id": "p:1",
                "token": "techStack",
                "type": {
                  "type": "string"
                },
                "nullable": true
              }
            ]
          },
          {
            "$id": "n:n1",
            "labels": [
              {
                "$ref": "#nl:n1"
              }
            ],
            "properties": [
              {
                "$id": "p:2",
                "token": "techStack",
                "type": {
                  "type": "string"
                },
                "nullable": true
              }
            ]
          },
          {
            "$id": "n:n2",
            "labels": [
              {
                "$ref": "#nl:n2"
              }
            ],
            "properties": [
              {
                "$id": "p:7",
                "token": "Property",
                "type": {
                  "type": "string"
                },
                "nullable": true
              }
            ]
          },
          {
            "$id": "n:n3",
            "labels": [
              {
                "$ref": "#nl:n3"
              }
            ],
            "properties": [
              {
                "$id": "p:10",
                "token": "Property",
                "type": {
                  "type": "string"
                },
                "nullable": true
              }
            ]
          }
        ],
        "relationshipTypes": [
          {
            "$id": "rt:n0",
            "token": "relation"
          },
          {
            "$id": "rt:n2",
            "token": "relation"
          },
          {
            "$id": "rt:n4",
            "token": "relation"
          }
        ],
        "relationshipObjectTypes": [
          {
            "$id": "r:n0",
            "type": {
              "$ref": "#rt:n0"
            },
            "from": {
              "$ref": "#n:n0"
            },
            "to": {
              "$ref": "#n:n1"
            },
            "properties": [
              {
                "$id": "p:3",
                "token": "relation",
                "type": {
                  "type": "string"
                },
                "nullable": true
              },
              {
                "$id": "p:4",
                "token": "distance",
                "type": {
                  "type": "integer"
                },
                "nullable": true
              }
            ]
          },
          {
            "$id": "r:n2",
            "type": {
              "$ref": "#rt:n2"
            },
            "from": {
              "$ref": "#n:n2"
            },
            "to": {
              "$ref": "#n:n3"
            },
            "properties": [
              {
                "$id": "p:11",
                "token": "relation",
                "type": {
                  "type": "string"
                },
                "nullable": true
              },
              {
                "$id": "p:12",
                "token": "distance",
                "type": {
                  "type": "integer"
                },
                "nullable": true
              }
            ]
          },
          {
            "$id": "r:n4",
            "type": {
              "$ref": "#rt:n4"
            },
            "from": {
              "$ref": "#n:n0"
            },
            "to": {
              "$ref": "#n:n2"
            },
            "properties": [
              {
                "$id": "p:9",
                "token": "relation",
                "type": {
                  "type": "string"
                },
                "nullable": true
              },
              {
                "$id": "p:13",
                "token": "distance",
                "type": {
                  "type": "integer"
                },
                "nullable": true
              }
            ]
          }
        ]
      }
    },
    "graphSchemaExtensionsRepresentation": {
      "nodeKeyProperties": [
        {
          "node": {
            "$ref": "#n:n0"
          },
          "keyProperty": {
            "$ref": "#p:1"
          }
        },
        {
          "node": {
            "$ref": "#n:n1"
          },
          "keyProperty": {
            "$ref": "#p:2"
          }
        },
        {
          "node": {
            "$ref": "#n:n2"
          },
          "keyProperty": {
            "$ref": "#p:7"
          }
        },
        {
          "node": {
            "$ref": "#n:n3"
          },
          "keyProperty": {
            "$ref": "#p:10"
          }
        }
      ]
    },
    "graphMappingRepresentation": {
      "dataSourceSchema": {
        "type": "local/csv",
        "tableSchemas": [
          {
            "$id": "t:1",
            "name": "property_relate_property.csv",
            "expanded": true,
            "fields": [
              {
                "name": "property1",
                "type": "string",
                "sample": "iOS",
                "include": true
              },
              {
                "name": "relation",
                "type": "string",
                "sample": "IS_KIND_OF",
                "include": true
              },
              {
                "name": "property2",
                "type": "string",
                "sample": "mobile",
                "include": true
              },
              {
                "name": "distance",
                "type": "boolean",
                "sample": "1",
                "include": true
              }
            ]
          },
          {
            "$id": "t:2",
            "name": "stack_relate_property.csv",
            "expanded": true,
            "fields": [
              {
                "name": "tech stack",
                "type": "string",
                "sample": "Node.js",
                "include": true
              },
              {
                "name": "relation",
                "type": "string",
                "sample": "IS_RELATED_TO",
                "include": true
              },
              {
                "name": "property",
                "type": "string",
                "sample": "web",
                "include": true
              },
              {
                "name": "distance",
                "type": "integer",
                "sample": "2",
                "include": true
              }
            ]
          },
          {
            "$id": "t:3",
            "name": "stack_relate_stack.csv",
            "expanded": true,
            "fields": [
              {
                "name": "tech stack1",
                "type": "string",
                "sample": "TypeScript",
                "include": true
              },
              {
                "name": "relation",
                "type": "string",
                "sample": "IS_A_SUPERSET_OF",
                "include": true
              },
              {
                "name": "tech stack2",
                "type": "string",
                "sample": "JavaScript",
                "include": true
              },
              {
                "name": "distance",
                "type": "integer",
                "sample": "1",
                "include": true
              }
            ]
          },
          {
            "$id": "t:4",
            "name": "stack_type.csv",
            "expanded": true,
            "fields": [
              {
                "name": "technology stack",
                "type": "string",
                "sample": "JavaScript",
                "include": true
              },
              {
                "name": "type",
                "type": "string",
                "sample": "programming language",
                "include": true
              }
            ]
          }
        ]
      },
      "nodeMappings": [
        {
          "node": {
            "$ref": "#n:n0"
          },
          "tableSchema": {
            "$ref": "#t:3"
          },
          "propertyMappings": [
            {
              "property": {
                "$ref": "#p:1"
              },
              "fieldName": "tech stack1"
            }
          ]
        },
        {
          "node": {
            "$ref": "#n:n1"
          },
          "tableSchema": {
            "$ref": "#t:3"
          },
          "propertyMappings": [
            {
              "property": {
                "$ref": "#p:2"
              },
              "fieldName": "tech stack2"
            }
          ]
        },
        {
          "node": {
            "$ref": "#n:n2"
          },
          "tableSchema": {
            "$ref": "#t:2"
          },
          "propertyMappings": [
            {
              "property": {
                "$ref": "#p:7"
              },
              "fieldName": "property"
            }
          ]
        },
        {
          "node": {
            "$ref": "#n:n3"
          },
          "tableSchema": {
            "$ref": "#t:1"
          },
          "propertyMappings": [
            {
              "property": {
                "$ref": "#p:10"
              },
              "fieldName": "property2"
            }
          ]
        }
      ],
      "relationshipMappings": [
        {
          "relationship": {
            "$ref": "#r:n0"
          },
          "tableSchema": {
            "$ref": "#t:3"
          },
          "propertyMappings": [
            {
              "property": {
                "$ref": "#p:3"
              },
              "fieldName": "relation"
            },
            {
              "property": {
                "$ref": "#p:4"
              },
              "fieldName": "distance"
            }
          ],
          "fromMapping": {
            "fieldName": "tech stack1"
          },
          "toMapping": {
            "fieldName": "tech stack2"
          }
        },
        {
          "relationship": {
            "$ref": "#r:n2"
          },
          "tableSchema": {
            "$ref": "#t:1"
          },
          "propertyMappings": [
            {
              "property": {
                "$ref": "#p:11"
              },
              "fieldName": "relation"
            },
            {
              "property": {
                "$ref": "#p:12"
              },
              "fieldName": "distance"
            }
          ],
          "fromMapping": {
            "fieldName": "property1"
          },
          "toMapping": {
            "fieldName": "property2"
          }
        },
        {
          "relationship": {
            "$ref": "#r:n4"
          },
          "tableSchema": {
            "$ref": "#t:2"
          },
          "propertyMappings": [
            {
              "property": {
                "$ref": "#p:9"
              },
              "fieldName": "relation"
            },
            {
              "property": {
                "$ref": "#p:13"
              },
              "fieldName": "distance"
            }
          ],
          "fromMapping": {
            "fieldName": "tech stack"
          },
          "toMapping": {
            "fieldName": "property"
          }
        }
      ]
    },
    "configurations": {
      "idsToIgnore": []
    }
  }
}